n_amenageur;n_operateur;n_enseigne;id_station;n_station;ad_station;code_insee;Xlongitude;Ylatitude;nbre_pdc;id_pdc;puiss_max;type_prise;acces_recharge;accessibilité;observations;date_maj
Syndicat de l'Énergie de l'Orne (TE61);Syndicat de l'Énergie de l'Orne (TE61) | FR*S61;Te61;FR*S61*P61001A;Alençon | Place du Maréchal Ferdinand Foch ; Place du Maréchal Ferdinand Foch 61000 Alençon;;0.083524;48.430157;2;FR*S61*E61001A12;18.000;T3-EF;Payant;24/24 7/7;;2020/07/10
Syndicat de l'Énergie de l'Orne (TE61);Syndicat de l'Énergie de l'Orne (TE61) | FR*S61;Te61;FR*S61*P61001A;Alençon | Place du Maréchal Ferdinand Foch ; Place du Maréchal Ferdinand Foch 61000 Alençon;;0.083524;48.430157;2;FR*S61*E61001A11;18.000;T2-EF;Payant;24/24 7/7;;2020/07/10
Syndicat de l'Énergie de l'Orne (TE61);Syndicat de l'Énergie de l'Orne (TE61) | FR*S61;Te61;FR*S61*P61001B;Alençon | Place du Général Jean Bonet 13;13 Place du Général Jean Bonet 61000 Alençon;;0.093636;48.431973;2;FR*S61*E61001B12;18.000;T3-EF;Payant;24/24 7/7;;2020/07/10
Syndicat de l'Énergie de l'Orne (TE61);Syndicat de l'Énergie de l'Orne (TE61) | FR*S61;Te61;FR*S61*P61001B;Alençon | Place du Général Jean Bonet 13;13 Place du Général Jean Bonet 61000 Alençon;;0.093636;48.431973;2;FR*S61*E61001B11;18.000;T2-EF;Payant;24/24 7/7;;2020/07/10
Syndicat de l'Énergie de l'Orne (TE61);Syndicat de l'Énergie de l'Orne (TE61) | FR*S61;Te61;FR*S61*P61001C;Alençon | Boulevard de la République 83;83 Boulevard de la République 61000 Alençon;;0.093314;48.427140;2;FR*S61*E61001C12;22.000;T3-EF;Payant;24/24 7/7;;2020/07/10
Syndicat de l'Énergie de l'Orne (TE61);Syndicat de l'Énergie de l'Orne (TE61) | FR*S61;Te61;FR*S61*P61001C;Alençon | Boulevard de la République 83;83 Boulevard de la République 61000 Alençon;;0.093314;48.427140;2;FR*S61*E61001C11;22.000;T2-EF;Payant;24/24 7/7;;2020/07/10
Syndicat de l'Énergie de l'Orne (TE61);Syndicat de l'Énergie de l'Orne (TE61) | FR*S61;Te61;FR*S61*P61001D;Alençon | Rue de la Poterne 28;28 Rue de la Poterne 61000 Alençon;;0.089870;48.429810;2;FR*S61*E61001D11;18.000;T2-EF;Payant;24/24 7/7;;2020/07/10
Syndicat de l'Énergie de l'Orne (TE61);Syndicat de l'Énergie de l'Orne (TE61) | FR*S61;Te61;FR*S61*P61001D;Alençon | Rue de la Poterne 28;28 Rue de la Poterne 61000 Alençon;;0.089870;48.429810;2;FR*S61*E61001D12;18.000;T3-EF;Payant;24/24 7/7;;2020/07/10
Syndicat de l'Énergie de l'Orne (TE61);Syndicat de l'Énergie de l'Orne (TE61) | FR*S61;Te61;FR*S61*P61001E;Alençon | Place du Commandant Daniel Desmeulles 77;77 Place du Commandant Daniel Desmeulles 61000 Alençon;;0.085805;48.432650;2;FR*S61*E61001E12;22.000;T3-EF;Payant;24/24 7/7;;2020/07/10
Syndicat de l'Énergie de l'Orne (TE61);Syndicat de l'Énergie de l'Orne (TE61) | FR*S61;Te61;FR*S61*P61001E;Alençon | Place du Commandant Daniel Desmeulles 77;77 Place du Commandant Daniel Desmeulles 61000 Alençon;;0.085805;48.432650;2;FR*S61*E61001E11;22.000;T2-EF;Payant;24/24 7/7;;2020/07/10
Syndicat de l'Énergie de l'Orne (TE61);Syndicat de l'Énergie de l'Orne (TE61) | FR*S61;Te61;FR*S61*P61001F;Alençon | Rue des Tisons ; Rue des Tisons 61000 Alençon;;0.090356;48.425705;2;FR*S61*E61001F12;22.000;T3-EF;Payant;24/24 7/7;;2020/07/10
Syndicat de l'Énergie de l'Orne (TE61);Syndicat de l'Énergie de l'Orne (TE61) | FR*S61;Te61;FR*S61*P61001F;Alençon | Rue des Tisons ; Rue des Tisons 61000 Alençon;;0.090356;48.425705;2;FR*S61*E61001F11;22.000;T2-EF;Payant;24/24 7/7;;2020/07/10
Syndicat de l'Énergie de l'Orne (TE61);Syndicat de l'Énergie de l'Orne (TE61) | FR*S61;Te61;FR*S61*P61001G;Alençon | Place de la Résistance 23;23 Place de la Résistance 61000 Alençon;;0.098523;48.433575;2;FR*S61*E61001G11;22.000;T2-EF;Payant;24/24 7/7;;2020/07/10
Syndicat de l'Énergie de l'Orne (TE61);Syndicat de l'Énergie de l'Orne (TE61) | FR*S61;Te61;FR*S61*P61001G;Alençon | Place de la Résistance 23;23 Place de la Résistance 61000 Alençon;;0.098523;48.433575;2;FR*S61*E61001G12;22.000;T3-EF;Payant;24/24 7/7;;2020/07/10
Syndicat de l'Énergie de l'Orne (TE61);Syndicat de l'Énergie de l'Orne (TE61) | FR*S61;Te61;FR*S61*P61001H;Alençon | Place du Point du Jour ; Place du Point du Jour 61000 Alençon;;0.105902;48.434960;2;FR*S61*E61001H11;22.000;T2-EF;Payant;24/24 7/7;;2020/07/10
Syndicat de l'Énergie de l'Orne (TE61);Syndicat de l'Énergie de l'Orne (TE61) | FR*S61;Te61;FR*S61*P61001H;Alençon | Place du Point du Jour ; Place du Point du Jour 61000 Alençon;;0.105902;48.434960;2;FR*S61*E61001H12;22.000;T3-EF;Payant;24/24 7/7;;2020/07/10
Syndicat de l'Énergie de l'Orne (TE61);Syndicat de l'Énergie de l'Orne (TE61) | FR*S61;Te61;FR*S61*P61006A;Argentan | Place Mahé ; Place Mahé 61200 Argentan;;-0.017870;48.743440;2;FR*S61*E61006A11;18.000;T2-EF;Payant;24/24 7/7;;2020/07/10
Syndicat de l'Énergie de l'Orne (TE61);Syndicat de l'Énergie de l'Orne (TE61) | FR*S61;Te61;FR*S61*P61006A;Argentan | Place Mahé ; Place Mahé 61200 Argentan;;-0.017870;48.743440;2;FR*S61*E61006A12;18.000;T3-EF;Payant;24/24 7/7;;2020/07/10
Syndicat de l'Énergie de l'Orne (TE61);Syndicat de l'Énergie de l'Orne (TE61) | FR*S61;Te61;FR*S61*P61006B;Argentan | Place du Général Leclerc ; Place du Général Leclerc 61200 Argentan;;-0.025132;48.740788;2;FR*S61*E61006B11;18.000;T2-EF;Payant;24/24 7/7;;2020/07/10
Syndicat de l'Énergie de l'Orne (TE61);Syndicat de l'Énergie de l'Orne (TE61) | FR*S61;Te61;FR*S61*P61006B;Argentan | Place du Général Leclerc ; Place du Général Leclerc 61200 Argentan;;-0.025132;48.740788;2;FR*S61*E61006B12;18.000;T3-EF;Payant;24/24 7/7;;2020/07/10
Syndicat de l'Énergie de l'Orne (TE61);Syndicat de l'Énergie de l'Orne (TE61) | FR*S61;Te61;FR*S61*P61006C;Argentan | Place Robert Aubin ; Place Robert Aubin 61200 Argentan;;-0.023866;48.745026;2;FR*S61*E61006C12;18.000;T3-EF;Payant;24/24 7/7;;2020/07/10
Syndicat de l'Énergie de l'Orne (TE61);Syndicat de l'Énergie de l'Orne (TE61) | FR*S61;Te61;FR*S61*P61006C;Argentan | Place Robert Aubin ; Place Robert Aubin 61200 Argentan;;-0.023866;48.745026;2;FR*S61*E61006C11;18.000;T2-EF;Payant;24/24 7/7;;2020/07/10
Syndicat de l'Énergie de l'Orne (TE61);Syndicat de l'Énergie de l'Orne (TE61) | FR*S61;Te61;FR*S61*P61006D;Argentan | Rue de la Picardie ; Rue de la Picardie 61200 Argentan;;-0.029512;48.750603;4;FR*S61*E61006D11;22.000;T2 câble attaché;Payant;24/24 7/7;;2020/07/10
Syndicat de l'Énergie de l'Orne (TE61);Syndicat de l'Énergie de l'Orne (TE61) | FR*S61;Te61;FR*S61*P61006D;Argentan | Rue de la Picardie ; Rue de la Picardie 61200 Argentan;;-0.029512;48.750603;4;FR*S61*E61006D12;60.000;22;Payant;24/24 7/7;;2020/07/10
Syndicat de l'Énergie de l'Orne (TE61);Syndicat de l'Énergie de l'Orne (TE61) | FR*S61;Te61;FR*S61*P61006D;Argentan | Rue de la Picardie ; Rue de la Picardie 61200 Argentan;;-0.029512;48.750603;4;FR*S61*E61006D14;2.300;EF;Payant;24/24 7/7;;2020/07/10
Syndicat de l'Énergie de l'Orne (TE61);Syndicat de l'Énergie de l'Orne (TE61) | FR*S61;Te61;FR*S61*P61006D;Argentan | Rue de la Picardie ; Rue de la Picardie 61200 Argentan;;-0.029512;48.750603;4;FR*S61*E61006D13;60.000;23;Payant;24/24 7/7;;2020/07/10
Syndicat de l'Énergie de l'Orne (TE61);Syndicat de l'Énergie de l'Orne (TE61) | FR*S61;Te61;FR*S61*P61007A;Athis-Val de Rouvre | Rue Guillaume le Conquérant ; Rue Guillaume le Conquérant 61430 Athis-Val de Rouvre;;-0.500202;48.809170;2;FR*S61*E61007A11;18.000;T2-EF;Payant;24/24 7/7;;2020/07/10
Syndicat de l'Énergie de l'Orne (TE61);Syndicat de l'Énergie de l'Orne (TE61) | FR*S61;Te61;FR*S61*P61007A;Athis-Val de Rouvre | Rue Guillaume le Conquérant ; Rue Guillaume le Conquérant 61430 Athis-Val de Rouvre;;-0.500202;48.809170;2;FR*S61*E61007A12;18.000;T3-EF;Payant;24/24 7/7;;2020/07/10
Syndicat de l'Énergie de l'Orne (TE61);Syndicat de l'Énergie de l'Orne (TE61) | FR*S61;Te61;FR*S61*P61008A;Aube | Route de Brethel ; Route de Brethel 61270 Aube;;0.545254;48.739113;2;FR*S61*E61008A12;18.000;T3-EF;Payant;24/24 7/7;;2020/07/10
Syndicat de l'Énergie de l'Orne (TE61);Syndicat de l'Énergie de l'Orne (TE61) | FR*S61;Te61;FR*S61*P61008A;Aube | Route de Brethel ; Route de Brethel 61270 Aube;;0.545254;48.739113;2;FR*S61*E61008A11;18.000;T2-EF;Payant;24/24 7/7;;2020/07/10
Syndicat de l'Énergie de l'Orne (TE61);Syndicat de l'Énergie de l'Orne (TE61) | FR*S61;Te61;FR*S61*P61029A;Bazoches-sur-Hoëne | Place de l'Église ; Place de l'Église 61560 Bazoches-sur-Hoëne;;0.470673;48.553200;2;FR*S61*E61029A11;18.000;T2-EF;Payant;24/24 7/7;;2020/07/10
Syndicat de l'Énergie de l'Orne (TE61);Syndicat de l'Énergie de l'Orne (TE61) | FR*S61;Te61;FR*S61*P61029A;Bazoches-sur-Hoëne | Place de l'Église ; Place de l'Église 61560 Bazoches-sur-Hoëne;;0.470673;48.553200;2;FR*S61*E61029A12;18.000;T3-EF;Payant;24/24 7/7;;2020/07/10
Syndicat de l'Énergie de l'Orne (TE61);Syndicat de l'Énergie de l'Orne (TE61) | FR*S61;Te61;FR*S61*P61038A;Bellême | Place Boucicaut ; Place Boucicaut 61130 Bellême;;0.564338;48.374336;2;FR*S61*E61038A11;18.000;T2-EF;Payant;24/24 7/7;;2020/07/10
Syndicat de l'Énergie de l'Orne (TE61);Syndicat de l'Énergie de l'Orne (TE61) | FR*S61;Te61;FR*S61*P61038A;Bellême | Place Boucicaut ; Place Boucicaut 61130 Bellême;;0.564338;48.374336;2;FR*S61*E61038A12;18.000;T3-EF;Payant;24/24 7/7;;2020/07/10
Syndicat de l'Énergie de l'Orne (TE61);Syndicat de l'Énergie de l'Orne (TE61) | FR*S61;Te61;FR*S61*P61040A;Bellou-en-Houlme | Route de Sainte-Opportune ; Route de Sainte-Opportune 61220 Bellou-en-Houlme;;-0.441353;48.691303;2;FR*S61*E61040A11;18.000;T2-EF;Payant;24/24 7/7;;2020/07/10
Syndicat de l'Énergie de l'Orne (TE61);Syndicat de l'Énergie de l'Orne (TE61) | FR*S61;Te61;FR*S61*P61040A;Bellou-en-Houlme | Route de Sainte-Opportune ; Route de Sainte-Opportune 61220 Bellou-en-Houlme;;-0.441353;48.691303;2;FR*S61*E61040A12;18.000;T3-EF;Payant;24/24 7/7;;2020/07/10
Syndicat de l'Énergie de l'Orne (TE61);Syndicat de l'Énergie de l'Orne (TE61) | FR*S61;Te61;FR*S61*P61043A;Berd'huis | Route de Nogent ; Route de Nogent 61340 Berd'huis;;0.747775;48.344566;2;FR*S61*E61043A12;18.000;T3-EF;Payant;24/24 7/7;;2020/07/10
Syndicat de l'Énergie de l'Orne (TE61);Syndicat de l'Énergie de l'Orne (TE61) | FR*S61;Te61;FR*S61*P61043A;Berd'huis | Route de Nogent ; Route de Nogent 61340 Berd'huis;;0.747775;48.344566;2;FR*S61*E61043A11;18.000;T2-EF;Payant;24/24 7/7;;2020/07/10
Syndicat de l'Énergie de l'Orne (TE61);Syndicat de l'Énergie de l'Orne (TE61) | FR*S61;Te61;FR*S61*P61061A;Bretoncelles | Place du Général de Gaulle ; Place du Général de Gaulle 61110 Bretoncelles;;0.887166;48.431120;2;FR*S61*E61061A12;18.000;T3-EF;Payant;24/24 7/7;;2020/07/10
Syndicat de l'Énergie de l'Orne (TE61);Syndicat de l'Énergie de l'Orne (TE61) | FR*S61;Te61;FR*S61*P61061A;Bretoncelles | Place du Général de Gaulle ; Place du Général de Gaulle 61110 Bretoncelles;;0.887166;48.431120;2;FR*S61*E61061A11;18.000;T2-EF;Payant;24/24 7/7;;2020/07/10
Syndicat de l'Énergie de l'Orne (TE61);Syndicat de l'Énergie de l'Orne (TE61) | FR*S61;Te61;FR*S61*P61063A;Briouze | Place de l'Église ; Place de l'Église 61220 Briouze;;-0.367463;48.698856;2;FR*S61*E61063A12;18.000;T3-EF;Payant;24/24 7/7;;2020/07/10
Syndicat de l'Énergie de l'Orne (TE61);Syndicat de l'Énergie de l'Orne (TE61) | FR*S61;Te61;FR*S61*P61063A;Briouze | Place de l'Église ; Place de l'Église 61220 Briouze;;-0.367463;48.698856;2;FR*S61*E61063A11;18.000;T2-EF;Payant;24/24 7/7;;2020/07/10
Syndicat de l'Énergie de l'Orne (TE61);Syndicat de l'Énergie de l'Orne (TE61) | FR*S61;Te61;FR*S61*P61070A;Caligny | Le Bourg 24;24 Le Bourg 61100 Caligny;;-0.595259;48.808292;2;FR*S61*E61070A12;22.000;T3-EF;Payant;24/24 7/7;;2020/07/10
Syndicat de l'Énergie de l'Orne (TE61);Syndicat de l'Énergie de l'Orne (TE61) | FR*S61;Te61;FR*S61*P61070A;Caligny | Le Bourg 24;24 Le Bourg 61100 Caligny;;-0.595259;48.808292;2;FR*S61*E61070A11;22.000;T2-EF;Payant;24/24 7/7;;2020/07/10
Syndicat de l'Énergie de l'Orne (TE61);Syndicat de l'Énergie de l'Orne (TE61) | FR*S61;Te61;FR*S61*P61071A;Camembert | Place du Musée ; Place du Musée 61120 Camembert;;0.177612;48.893414;2;FR*S61*E61071A12;18.000;T3-EF;Payant;24/24 7/7;;2020/07/10
Syndicat de l'Énergie de l'Orne (TE61);Syndicat de l'Énergie de l'Orne (TE61) | FR*S61;Te61;FR*S61*P61071A;Camembert | Place du Musée ; Place du Musée 61120 Camembert;;0.177612;48.893414;2;FR*S61*E61071A11;18.000;T2-EF;Payant;24/24 7/7;;2020/07/10
Syndicat de l'Énergie de l'Orne (TE61);Syndicat de l'Énergie de l'Orne (TE61) | FR*S61;Te61;FR*S61*P61074A;Carrouges | Place Charles de Gaulle ; Place Charles de Gaulle 61320 Carrouges;;-0.144816;48.568123;2;FR*S61*E61074A11;18.000;T2-EF;Payant;24/24 7/7;;2020/07/10
Syndicat de l'Énergie de l'Orne (TE61);Syndicat de l'Énergie de l'Orne (TE61) | FR*S61;Te61;FR*S61*P61074A;Carrouges | Place Charles de Gaulle ; Place Charles de Gaulle 61320 Carrouges;;-0.144816;48.568123;2;FR*S61*E61074A12;18.000;T3-EF;Payant;24/24 7/7;;2020/07/10
Syndicat de l'Énergie de l'Orne (TE61);Syndicat de l'Énergie de l'Orne (TE61) | FR*S61;Te61;FR*S61*P61075A;Ceaucé | La Veillottière ; La Veillottière 61330 Ceaucé;;-0.625283;48.497520;2;FR*S61*E61075A11;18.000;T2-EF;Payant;24/24 7/7;;2020/07/10
Syndicat de l'Énergie de l'Orne (TE61);Syndicat de l'Énergie de l'Orne (TE61) | FR*S61;Te61;FR*S61*P61075A;Ceaucé | La Veillottière ; La Veillottière 61330 Ceaucé;;-0.625283;48.497520;2;FR*S61*E61075A12;18.000;T3-EF;Payant;24/24 7/7;;2020/07/10
Syndicat de l'Énergie de l'Orne (TE61);Syndicat de l'Énergie de l'Orne (TE61) | FR*S61;Te61;FR*S61*P61077B;Cerisé | Rue de l'Expansion ; Rue de l'Expansion 61000 Cerisé;;0.114618;48.445946;2;FR*S61*E61077B11;18.000;T2-EF;Payant;24/24 7/7;;2020/07/10
Syndicat de l'Énergie de l'Orne (TE61);Syndicat de l'Énergie de l'Orne (TE61) | FR*S61;Te61;FR*S61*P61077B;Cerisé | Rue de l'Expansion ; Rue de l'Expansion 61000 Cerisé;;0.114618;48.445946;2;FR*S61*E61077B12;18.000;T3-EF;Payant;24/24 7/7;;2020/07/10
Syndicat de l'Énergie de l'Orne (TE61);Syndicat de l'Énergie de l'Orne (TE61) | FR*S61;Te61;FR*S61*P61079B;Ceton | Rue des Fontaines ; Rue des Fontaines 61260 Ceton;;0.747788;48.225887;2;FR*S61*E61079B12;18.000;T3-EF;Payant;24/24 7/7;;2020/07/10
Syndicat de l'Énergie de l'Orne (TE61);Syndicat de l'Énergie de l'Orne (TE61) | FR*S61;Te61;FR*S61*P61079B;Ceton | Rue des Fontaines ; Rue des Fontaines 61260 Ceton;;0.747788;48.225887;2;FR*S61*E61079B11;18.000;T2-EF;Payant;24/24 7/7;;2020/07/10
Syndicat de l'Énergie de l'Orne (TE61);Syndicat de l'Énergie de l'Orne (TE61) | FR*S61;Te61;FR*S61*P61091A;Champsecret | Rue Colonel André Lefèvre ; Rue Colonel André Lefèvre 61700 Champsecret;;-0.553686;48.609270;2;FR*S61*E61091A12;18.000;T3-EF;Payant;24/24 7/7;;2020/07/10
Syndicat de l'Énergie de l'Orne (TE61);Syndicat de l'Énergie de l'Orne (TE61) | FR*S61;Te61;FR*S61*P61091A;Champsecret | Rue Colonel André Lefèvre ; Rue Colonel André Lefèvre 61700 Champsecret;;-0.553686;48.609270;2;FR*S61*E61091A11;18.000;EF-T3;Payant;24/24 7/7;;2020/07/10
Syndicat de l'Énergie de l'Orne (TE61);Syndicat de l'Énergie de l'Orne (TE61) | FR*S61;Te61;FR*S61*P61092A;Chandai | Route de Crulai ; Route de Crulai 61300 Chandai;;0.739822;48.752260;2;FR*S61*E61092A12;18.000;T3-EF;Payant;24/24 7/7;;2020/07/10
Syndicat de l'Énergie de l'Orne (TE61);Syndicat de l'Énergie de l'Orne (TE61) | FR*S61;Te61;FR*S61*P61092A;Chandai | Route de Crulai ; Route de Crulai 61300 Chandai;;0.739822;48.752260;2;FR*S61*E61092A11;18.000;T2-EF;Payant;24/24 7/7;;2020/07/10
Syndicat de l'Énergie de l'Orne (TE61);Syndicat de l'Énergie de l'Orne (TE61) | FR*S61;Te61;FR*S61*P61093A;Chanu | Rue de la Ferrière ; Rue de la Ferrière 61800 Chanu;;-0.677842;48.729350;2;FR*S61*E61093A11;18.000;T2-EF;Payant;24/24 7/7;;2020/07/10
Syndicat de l'Énergie de l'Orne (TE61);Syndicat de l'Énergie de l'Orne (TE61) | FR*S61;Te61;FR*S61*P61093A;Chanu | Rue de la Ferrière ; Rue de la Ferrière 61800 Chanu;;-0.677842;48.729350;2;FR*S61*E61093A12;18.000;T3-EF;Payant;24/24 7/7;;2020/07/10
Syndicat de l'Énergie de l'Orne (TE61);Syndicat de l'Énergie de l'Orne (TE61) | FR*S61;Te61;FR*S61*P61096A;Rives d'Andaine | Rue de Domfront ; Rue de Domfront 61140 Rives d'Andaine;;-0.481497;48.534180;2;FR*S61*E61096A11;18.000;T2-EF;Payant;24/24 7/7;;2020/07/10
Syndicat de l'Énergie de l'Orne (TE61);Syndicat de l'Énergie de l'Orne (TE61) | FR*S61;Te61;FR*S61*P61096A;Rives d'Andaine | Rue de Domfront ; Rue de Domfront 61140 Rives d'Andaine;;-0.481497;48.534180;2;FR*S61*E61096A12;18.000;T3-EF;Payant;24/24 7/7;;2020/07/10
Syndicat de l'Énergie de l'Orne (TE61);Syndicat de l'Énergie de l'Orne (TE61) | FR*S61;Te61;FR*S61*P611038B;Bellême | Place du Général Leclerc ; Place du Général Leclerc 61130 Bellême;;0.555585;48.376780;2;FR*S61*E611038B12;18.000;T3-EF;Payant;24/24 7/7;;2020/07/10
Syndicat de l'Énergie de l'Orne (TE61);Syndicat de l'Énergie de l'Orne (TE61) | FR*S61;Te61;FR*S61*P611038B;Bellême | Place du Général Leclerc ; Place du Général Leclerc 61130 Bellême;;0.555585;48.376780;2;FR*S61*E611038B11;18.000;T2-EF;Payant;24/24 7/7;;2020/07/10
Syndicat de l'Énergie de l'Orne (TE61);Syndicat de l'Énergie de l'Orne (TE61) | FR*S61;Te61;FR*S61*P61115A;Sablons sur Huisne | Place du Général de Gaulle ; Place du Général de Gaulle 61110 Sablons sur Huisne;;0.850544;48.380410;2;FR*S61*E61115A12;18.000;T3-EF;Payant;24/24 7/7;;2020/07/10
Syndicat de l'Énergie de l'Orne (TE61);Syndicat de l'Énergie de l'Orne (TE61) | FR*S61;Te61;FR*S61*P61115A;Sablons sur Huisne | Place du Général de Gaulle ; Place du Général de Gaulle 61110 Sablons sur Huisne;;0.850544;48.380410;2;FR*S61*E61115A11;18.000;T2-EF;Payant;24/24 7/7;;2020/07/10
Syndicat de l'Énergie de l'Orne (TE61);Syndicat de l'Énergie de l'Orne (TE61) | FR*S61;Te61;FR*S61*P61116A;Condé-sur-Sarthe | Rue l'Abbé Loublier ; Rue l'Abbé Loublier 61250 Condé-sur-Sarthe;;0.036433;48.433710;2;FR*S61*E61116A12;18.000;T3-EF;Payant;24/24 7/7;;2020/07/10
Syndicat de l'Énergie de l'Orne (TE61);Syndicat de l'Énergie de l'Orne (TE61) | FR*S61;Te61;FR*S61*P61116A;Condé-sur-Sarthe | Rue l'Abbé Loublier ; Rue l'Abbé Loublier 61250 Condé-sur-Sarthe;;0.036433;48.433710;2;FR*S61*E61116A11;18.000;T2-EF;Payant;24/24 7/7;;2020/07/10
Syndicat de l'Énergie de l'Orne (TE61);Syndicat de l'Énergie de l'Orne (TE61) | FR*S61;Te61;FR*S61*P61121C;L'Aigle | Rue Georges Lochon ; Rue Georges Lochon 61300 L'Aigle;;0.635110;48.757540;2;FR*S61*E61121C12;18.000;T3-EF;Payant;24/24 7/7;;2020/07/10
Syndicat de l'Énergie de l'Orne (TE61);Syndicat de l'Énergie de l'Orne (TE61) | FR*S61;Te61;FR*S61*P61121C;L'Aigle | Rue Georges Lochon ; Rue Georges Lochon 61300 L'Aigle;;0.635110;48.757540;2;FR*S61*E61121C11;18.000;T2-EF;Payant;24/24 7/7;;2020/07/10
Syndicat de l'Énergie de l'Orne (TE61);Syndicat de l'Énergie de l'Orne (TE61) | FR*S61;Te61;FR*S61*P61121D;L'Aigle | Rue des Tanneurs 12;12 Rue des Tanneurs 61300 L'Aigle;;0.625156;48.766304;2;FR*S61*E61121D12;18.000;T3-EF;Payant;24/24 7/7;;2020/07/10
Syndicat de l'Énergie de l'Orne (TE61);Syndicat de l'Énergie de l'Orne (TE61) | FR*S61;Te61;FR*S61*P61121D;L'Aigle | Rue des Tanneurs 12;12 Rue des Tanneurs 61300 L'Aigle;;0.625156;48.766304;2;FR*S61*E61121D11;18.000;T2-EF;Payant;24/24 7/7;;2020/07/10
Syndicat de l'Énergie de l'Orne (TE61);Syndicat de l'Énergie de l'Orne (TE61) | FR*S61;Te61;FR*S61*P61126A;Coulonges-sur-Sarthe | Avenue Résidence du Lac ; Avenue Résidence du Lac 61170 Coulonges-sur-Sarthe;;0.361332;48.514183;2;FR*S61*E61126A11;18.000;T2-EF;Payant;24/24 7/7;;2020/07/10
Syndicat de l'Énergie de l'Orne (TE61);Syndicat de l'Énergie de l'Orne (TE61) | FR*S61;Te61;FR*S61*P61126A;Coulonges-sur-Sarthe | Avenue Résidence du Lac ; Avenue Résidence du Lac 61170 Coulonges-sur-Sarthe;;0.361332;48.514183;2;FR*S61*E61126A12;18.000;T3-EF;Payant;24/24 7/7;;2020/07/10
Syndicat de l'Énergie de l'Orne (TE61);Syndicat de l'Énergie de l'Orne (TE61) | FR*S61;Te61;FR*S61*P61130A;Courgeoût | Pré Gaudrin ; Pré Gaudrin 61560 Courgeoût;;0.489762;48.509750;2;FR*S61*E61130A12;18.000;T3-EF;Payant;24/24 7/7;;2020/07/10
Syndicat de l'Énergie de l'Orne (TE61);Syndicat de l'Énergie de l'Orne (TE61) | FR*S61;Te61;FR*S61*P61130A;Courgeoût | Pré Gaudrin ; Pré Gaudrin 61560 Courgeoût;;0.489762;48.509750;2;FR*S61*E61130A11;18.000;T2-EF;Payant;24/24 7/7;;2020/07/10
Syndicat de l'Énergie de l'Orne (TE61);Syndicat de l'Énergie de l'Orne (TE61) | FR*S61;Te61;FR*S61*P61133A;Courtomer | Place de la Mairie ; Place de la Mairie 61390 Courtomer;;0.357996;48.627666;2;FR*S61*E61133A12;18.000;T3-EF;Payant;24/24 7/7;;2020/07/10
Syndicat de l'Énergie de l'Orne (TE61);Syndicat de l'Énergie de l'Orne (TE61) | FR*S61;Te61;FR*S61*P61133A;Courtomer | Place de la Mairie ; Place de la Mairie 61390 Courtomer;;0.357996;48.627666;2;FR*S61*E61133A11;18.000;T2-EF;Payant;24/24 7/7;;2020/07/10
Syndicat de l'Énergie de l'Orne (TE61);Syndicat de l'Énergie de l'Orne (TE61) | FR*S61;Te61;FR*S61*P61143A;Damigny | Allée du Stade ; Allée du Stade 61250 Damigny;;0.073742;48.448032;2;FR*S61*E61143A11;18.000;T2-EF;Payant;24/24 7/7;;2020/07/10
Syndicat de l'Énergie de l'Orne (TE61);Syndicat de l'Énergie de l'Orne (TE61) | FR*S61;Te61;FR*S61*P61143A;Damigny | Allée du Stade ; Allée du Stade 61250 Damigny;;0.073742;48.448032;2;FR*S61*E61143A12;18.000;T3-EF;Payant;24/24 7/7;;2020/07/10
Syndicat de l'Énergie de l'Orne (TE61);Syndicat de l'Énergie de l'Orne (TE61) | FR*S61;Te61;FR*S61*P61143B;Damigny | Mont Foulon ; Mont Foulon 61250 Damigny;;0.059077;48.443954;2;FR*S61*E61143B11;22.000;T2-EF;Payant;24/24 7/7;;2020/07/10
Syndicat de l'Énergie de l'Orne (TE61);Syndicat de l'Énergie de l'Orne (TE61) | FR*S61;Te61;FR*S61*P61143B;Damigny | Mont Foulon ; Mont Foulon 61250 Damigny;;0.059077;48.443954;2;FR*S61*E61143B12;22.000;T3-EF;Payant;24/24 7/7;;2020/07/10
Syndicat de l'Énergie de l'Orne (TE61);Syndicat de l'Énergie de l'Orne (TE61) | FR*S61;Te61;FR*S61*P61145A;Domfront en Poiraie | Place de la Roirie ; Place de la Roirie 61700 Domfront en Poiraie;;-0.650602;48.594050;2;FR*S61*E61145A12;18.000;T3-EF;Payant;24/24 7/7;;2020/07/10
Syndicat de l'Énergie de l'Orne (TE61);Syndicat de l'Énergie de l'Orne (TE61) | FR*S61;Te61;FR*S61*P61145A;Domfront en Poiraie | Place de la Roirie ; Place de la Roirie 61700 Domfront en Poiraie;;-0.650602;48.594050;2;FR*S61*E61145A11;18.000;T2-EF;Payant;24/24 7/7;;2020/07/10
Syndicat de l'Énergie de l'Orne (TE61);Syndicat de l'Énergie de l'Orne (TE61) | FR*S61;Te61;FR*S61*P61145B;Domfront en Poiraie | Rue du Mont Saint-Michel ; Rue du Mont Saint-Michel 61700 Domfront en Poiraie;;-0.661132;48.589447;4;FR*S61*E61145B13;60.000;23;Payant;24/24 7/7;;2020/07/10
Syndicat de l'Énergie de l'Orne (TE61);Syndicat de l'Énergie de l'Orne (TE61) | FR*S61;Te61;FR*S61*P61145B;Domfront en Poiraie | Rue du Mont Saint-Michel ; Rue du Mont Saint-Michel 61700 Domfront en Poiraie;;-0.661132;48.589447;4;FR*S61*E61145B12;60.000;22;Payant;24/24 7/7;;2020/07/10
Syndicat de l'Énergie de l'Orne (TE61);Syndicat de l'Énergie de l'Orne (TE61) | FR*S61;Te61;FR*S61*P61145B;Domfront en Poiraie | Rue du Mont Saint-Michel ; Rue du Mont Saint-Michel 61700 Domfront en Poiraie;;-0.661132;48.589447;4;FR*S61*E61145B14;2.300;EF;Payant;24/24 7/7;;2020/07/10
Syndicat de l'Énergie de l'Orne (TE61);Syndicat de l'Énergie de l'Orne (TE61) | FR*S61;Te61;FR*S61*P61145B;Domfront en Poiraie | Rue du Mont Saint-Michel ; Rue du Mont Saint-Michel 61700 Domfront en Poiraie;;-0.661132;48.589447;4;FR*S61*E61145B11;22.000;T2 câble attaché;Payant;24/24 7/7;;2020/07/10
Syndicat de l'Énergie de l'Orne (TE61);Syndicat de l'Énergie de l'Orne (TE61) | FR*S61;Te61;FR*S61*P61146A;Dompierre | Place du Musée ; Place du Musée 61700 Dompierre;;-0.551553;48.632660;2;FR*S61*E61146A12;18.000;T3-EF;Payant;24/24 7/7;;2020/07/10
Syndicat de l'Énergie de l'Orne (TE61);Syndicat de l'Énergie de l'Orne (TE61) | FR*S61;Te61;FR*S61*P61146A;Dompierre | Place du Musée ; Place du Musée 61700 Dompierre;;-0.551553;48.632660;2;FR*S61*E61146A11;18.000;T2-EF;Payant;24/24 7/7;;2020/07/10
Syndicat de l'Énergie de l'Orne (TE61);Syndicat de l'Énergie de l'Orne (TE61) | FR*S61;Te61;FR*S61*P61153A;Écouché-les-Vallées | Avenue Léon Labbé ; Avenue Léon Labbé 61150 Écouché-les-Vallées;;-0.120612;48.716800;2;FR*S61*E61153A12;18.000;T3-EF;Payant;24/24 7/7;;2020/07/10
Syndicat de l'Énergie de l'Orne (TE61);Syndicat de l'Énergie de l'Orne (TE61) | FR*S61;Te61;FR*S61*P61153A;Écouché-les-Vallées | Avenue Léon Labbé ; Avenue Léon Labbé 61150 Écouché-les-Vallées;;-0.120612;48.716800;2;FR*S61*E61153A11;18.000;T2-EF;Payant;24/24 7/7;;2020/07/10
Syndicat de l'Énergie de l'Orne (TE61);Syndicat de l'Énergie de l'Orne (TE61) | FR*S61;Te61;FR*S61*P61156A;Essay | Rue Roederer ; Rue Roederer 61500 Essay;;0.245066;48.541553;2;FR*S61*E61156A11;18.000;T2-EF;Payant;24/24 7/7;;2020/07/10
Syndicat de l'Énergie de l'Orne (TE61);Syndicat de l'Énergie de l'Orne (TE61) | FR*S61;Te61;FR*S61*P61156A;Essay | Rue Roederer ; Rue Roederer 61500 Essay;;0.245066;48.541553;2;FR*S61*E61156A12;18.000;T3-EF;Payant;24/24 7/7;;2020/07/10
Syndicat de l'Énergie de l'Orne (TE61);Syndicat de l'Énergie de l'Orne (TE61) | FR*S61;Te61;FR*S61*P61165A;La Ferrière-Bochard | Place de la Roseraie ; Place de la Roseraie 61420 La Ferrière-Bochard;;-0.030671;48.413002;2;FR*S61*E61165A11;18.000;T2-EF;Payant;24/24 7/7;;2020/07/10
Syndicat de l'Énergie de l'Orne (TE61);Syndicat de l'Énergie de l'Orne (TE61) | FR*S61;Te61;FR*S61*P61165A;La Ferrière-Bochard | Place de la Roseraie ; Place de la Roseraie 61420 La Ferrière-Bochard;;-0.030671;48.413002;2;FR*S61*E61165A12;18.000;T3-EF;Payant;24/24 7/7;;2020/07/10
Syndicat de l'Énergie de l'Orne (TE61);Syndicat de l'Énergie de l'Orne (TE61) | FR*S61;Te61;FR*S61*P61167A;La Ferté-en-Ouche | Allée de Kerroch ; Allée de Kerroch 61550 La Ferté-en-Ouche;;0.510631;48.838890;2;FR*S61*E61167A11;18.000;T2-EF;Payant;24/24 7/7;;2020/07/10
Syndicat de l'Énergie de l'Orne (TE61);Syndicat de l'Énergie de l'Orne (TE61) | FR*S61;Te61;FR*S61*P61167A;La Ferté-en-Ouche | Allée de Kerroch ; Allée de Kerroch 61550 La Ferté-en-Ouche;;0.510631;48.838890;2;FR*S61*E61167A12;18.000;T3-EF;Payant;24/24 7/7;;2020/07/10
Syndicat de l'Énergie de l'Orne (TE61);Syndicat de l'Énergie de l'Orne (TE61) | FR*S61;Te61;FR*S61*P61168A;La Ferté Macé | Rue Saint-Denis ; Rue Saint-Denis 61600 La Ferté Macé;;-0.359223;48.591026;2;FR*S61*E61168A12;18.000;T3-EF;Payant;24/24 7/7;;2020/07/10
Syndicat de l'Énergie de l'Orne (TE61);Syndicat de l'Énergie de l'Orne (TE61) | FR*S61;Te61;FR*S61*P61168A;La Ferté Macé | Rue Saint-Denis ; Rue Saint-Denis 61600 La Ferté Macé;;-0.359223;48.591026;2;FR*S61*E61168A11;18.000;T2-EF;Payant;24/24 7/7;;2020/07/10
Syndicat de l'Énergie de l'Orne (TE61);Syndicat de l'Énergie de l'Orne (TE61) | FR*S61;Te61;FR*S61*P61168B;La Ferté Macé | Place du Château ; Place du Château 61600 La Ferté Macé;;-0.355208;48.590298;2;FR*S61*E61168B11;18.000;T2-EF;Payant;24/24 7/7;;2020/07/10
Syndicat de l'Énergie de l'Orne (TE61);Syndicat de l'Énergie de l'Orne (TE61) | FR*S61;Te61;FR*S61*P61168B;La Ferté Macé | Place du Château ; Place du Château 61600 La Ferté Macé;;-0.355208;48.590298;2;FR*S61*E61168B12;18.000;T3-EF;Payant;24/24 7/7;;2020/07/10
Syndicat de l'Énergie de l'Orne (TE61);Syndicat de l'Énergie de l'Orne (TE61) | FR*S61;Te61;FR*S61*P61181A;Gacé | Place Charles de Gaulle ; Place Charles de Gaulle 61230 Gacé;;0.295635;48.794994;2;FR*S61*E61181A12;18.000;T3-EF;Payant;24/24 7/7;;2020/07/10
Syndicat de l'Énergie de l'Orne (TE61);Syndicat de l'Énergie de l'Orne (TE61) | FR*S61;Te61;FR*S61*P61181A;Gacé | Place Charles de Gaulle ; Place Charles de Gaulle 61230 Gacé;;0.295635;48.794994;2;FR*S61*E61181A11;18.000;T2-EF;Payant;24/24 7/7;;2020/07/10
Syndicat de l'Énergie de l'Orne (TE61);Syndicat de l'Énergie de l'Orne (TE61) | FR*S61;Te61;FR*S61*P61181B;Gacé | Avenue de Tahiti ; Avenue de Tahiti 61230 Gacé;;0.298300;48.794697;2;FR*S61*E61181B11;18.000;T2-EF;Payant;24/24 7/7;;2020/07/10
Syndicat de l'Énergie de l'Orne (TE61);Syndicat de l'Énergie de l'Orne (TE61) | FR*S61;Te61;FR*S61*P61181B;Gacé | Avenue de Tahiti ; Avenue de Tahiti 61230 Gacé;;0.298300;48.794697;2;FR*S61*E61181B12;18.000;T3-EF;Payant;24/24 7/7;;2020/07/10
Syndicat de l'Énergie de l'Orne (TE61);Syndicat de l'Énergie de l'Orne (TE61) | FR*S61;Te61;FR*S61*P61195A;Le Grais | Le Bourg ; Le Bourg 61600 Le Grais;;-0.327852;48.639374;2;FR*S61*E61195A12;18.000;T3-EF;Payant;24/24 7/7;;2020/07/10
Syndicat de l'Énergie de l'Orne (TE61);Syndicat de l'Énergie de l'Orne (TE61) | FR*S61;Te61;FR*S61*P61195A;Le Grais | Le Bourg ; Le Bourg 61600 Le Grais;;-0.327852;48.639374;2;FR*S61*E61195A11;18.000;T2-EF;Payant;24/24 7/7;;2020/07/10
Syndicat de l'Énergie de l'Orne (TE61);Syndicat de l'Énergie de l'Orne (TE61) | FR*S61;Te61;FR*S61*P61196A;Belforêt-en-Perche | Rue de Mamers ; Rue de Mamers 61130 Belforêt-en-Perche;;0.525622;48.375230;2;FR*S61*E61196A12;22.000;T3-EF;Payant;24/24 7/7;;2020/07/10
Syndicat de l'Énergie de l'Orne (TE61);Syndicat de l'Énergie de l'Orne (TE61) | FR*S61;Te61;FR*S61*P61196A;Belforêt-en-Perche | Rue de Mamers ; Rue de Mamers 61130 Belforêt-en-Perche;;0.525622;48.375230;2;FR*S61*E61196A11;22.000;T2-EF;Payant;24/24 7/7;;2020/07/10
Syndicat de l'Énergie de l'Orne (TE61);Syndicat de l'Énergie de l'Orne (TE61) | FR*S61;Te61;FR*S61*P61211A;Juvigny Val d'Andaine | Place Saint-Michel ; Place Saint-Michel 61140 Juvigny Val d'Andaine;;-0.508760;48.552180;2;FR*S61*E61211A11;18.000;T2-EF;Payant;24/24 7/7;;2020/07/10
Syndicat de l'Énergie de l'Orne (TE61);Syndicat de l'Énergie de l'Orne (TE61) | FR*S61;Te61;FR*S61*P61211A;Juvigny Val d'Andaine | Place Saint-Michel ; Place Saint-Michel 61140 Juvigny Val d'Andaine;;-0.508760;48.552180;2;FR*S61*E61211A12;18.000;T3-EF;Payant;24/24 7/7;;2020/07/10
Syndicat de l'Énergie de l'Orne (TE61);Syndicat de l'Énergie de l'Orne (TE61) | FR*S61;Te61;FR*S61*P61214A;L'Aigle | Rue Guillaume le Conquérant ; Rue Guillaume le Conquérant 61300 L'Aigle;;0.628635;48.765457;2;FR*S61*E61214A12;18.000;T3-EF;Payant;24/24 7/7;;2020/07/10
Syndicat de l'Énergie de l'Orne (TE61);Syndicat de l'Énergie de l'Orne (TE61) | FR*S61;Te61;FR*S61*P61214A;L'Aigle | Rue Guillaume le Conquérant ; Rue Guillaume le Conquérant 61300 L'Aigle;;0.628635;48.765457;2;FR*S61*E61214A11;18.000;T2-EF;Payant;24/24 7/7;;2020/07/10
Syndicat de l'Énergie de l'Orne (TE61);Syndicat de l'Énergie de l'Orne (TE61) | FR*S61;Te61;FR*S61*P61214B;L'Aigle | Place de l'Europe ; Place de l'Europe 61300 L'Aigle;;0.624585;48.764560;2;FR*S61*E61214B12;18.000;T3-EF;Payant;24/24 7/7;;2020/07/10
Syndicat de l'Énergie de l'Orne (TE61);Syndicat de l'Énergie de l'Orne (TE61) | FR*S61;Te61;FR*S61*P61214B;L'Aigle | Place de l'Europe ; Place de l'Europe 61300 L'Aigle;;0.624585;48.764560;2;FR*S61*E61214B11;18.000;T2-EF;Payant;24/24 7/7;;2020/07/10
Syndicat de l'Énergie de l'Orne (TE61);Syndicat de l'Énergie de l'Orne (TE61) | FR*S61;Te61;FR*S61*P61214E;L'Aigle | Rue de la Merillière 15;15 Rue de la Merillière 61300 L'Aigle;;0.618188;48.760902;2;FR*S61*E61214E11;22.000;T2-EF;Payant;24/24 7/7;;2020/07/10
Syndicat de l'Énergie de l'Orne (TE61);Syndicat de l'Énergie de l'Orne (TE61) | FR*S61;Te61;FR*S61*P61214E;L'Aigle | Rue de la Merillière 15;15 Rue de la Merillière 61300 L'Aigle;;0.618188;48.760902;2;FR*S61*E61214E12;22.000;T2-EF;Payant;24/24 7/7;;2020/07/10
Syndicat de l'Énergie de l'Orne (TE61);Syndicat de l'Énergie de l'Orne (TE61) | FR*S61;Te61;FR*S61*P61230A;Longny les Villages | Rue Gaston Gibory ; Rue Gaston Gibory 61290 Longny les Villages;;0.752130;48.531090;2;FR*S61*E61230A12;18.000;T3-EF;Payant;24/24 7/7;;2020/07/10
Syndicat de l'Énergie de l'Orne (TE61);Syndicat de l'Énergie de l'Orne (TE61) | FR*S61;Te61;FR*S61*P61230A;Longny les Villages | Rue Gaston Gibory ; Rue Gaston Gibory 61290 Longny les Villages;;0.752130;48.531090;2;FR*S61*E61230A11;18.000;T2-EF;Payant;24/24 7/7;;2020/07/10
Syndicat de l'Énergie de l'Orne (TE61);Syndicat de l'Énergie de l'Orne (TE61) | FR*S61;Te61;FR*S61*P61232A;Lonlay-l'Abbaye | Place Saint-Sauveur ; Place Saint-Sauveur 61700 Lonlay-l'Abbaye;;-0.710190;48.645805;2;FR*S61*E61232A12;18.000;T3-EF;Payant;24/24 7/7;;2020/07/10
Syndicat de l'Énergie de l'Orne (TE61);Syndicat de l'Énergie de l'Orne (TE61) | FR*S61;Te61;FR*S61*P61232A;Lonlay-l'Abbaye | Place Saint-Sauveur ; Place Saint-Sauveur 61700 Lonlay-l'Abbaye;;-0.710190;48.645805;2;FR*S61*E61232A11;18.000;T2-EF;Payant;24/24 7/7;;2020/07/10
Syndicat de l'Énergie de l'Orne (TE61);Syndicat de l'Énergie de l'Orne (TE61) | FR*S61;Te61;FR*S61*P61241A;La Madeleine-Bouvet | Rue de Paris ; Rue de Paris 61110 La Madeleine-Bouvet;;0.902380;48.471470;2;FR*S61*E61241A12;18.000;T3-EF;Payant;24/24 7/7;;2020/07/10
Syndicat de l'Énergie de l'Orne (TE61);Syndicat de l'Énergie de l'Orne (TE61) | FR*S61;Te61;FR*S61*P61241A;La Madeleine-Bouvet | Rue de Paris ; Rue de Paris 61110 La Madeleine-Bouvet;;0.902380;48.471470;2;FR*S61*E61241A11;18.000;T2-EF;Payant;24/24 7/7;;2020/07/10
Syndicat de l'Énergie de l'Orne (TE61);Syndicat de l'Énergie de l'Orne (TE61) | FR*S61;Te61;FR*S61*P61243A;Magny-le-Désert | La Cour Chalmel ; La Cour Chalmel 61600 Magny-le-Désert;;-0.337690;48.587650;2;FR*S61*E61243A12;18.000;T3-EF;Payant;24/24 7/7;;2020/07/10
Syndicat de l'Énergie de l'Orne (TE61);Syndicat de l'Énergie de l'Orne (TE61) | FR*S61;Te61;FR*S61*P61243A;Magny-le-Désert | La Cour Chalmel ; La Cour Chalmel 61600 Magny-le-Désert;;-0.337690;48.587650;2;FR*S61*E61243A11;18.000;T3-EF;Payant;24/24 7/7;;2020/07/10
Syndicat de l'Énergie de l'Orne (TE61);Syndicat de l'Énergie de l'Orne (TE61) | FR*S61;Te61;FR*S61*P61258A;Le Mêle-sur-Sarthe | Place du Gén de Gaulle ; Place du Gén de Gaulle 61170 Le Mêle-sur-Sarthe;;0.353365;48.512960;2;FR*S61*E61258A12;18.000;T3-EF;Payant;24/24 7/7;;2020/07/10
Syndicat de l'Énergie de l'Orne (TE61);Syndicat de l'Énergie de l'Orne (TE61) | FR*S61;Te61;FR*S61*P61258A;Le Mêle-sur-Sarthe | Place du Gén de Gaulle ; Place du Gén de Gaulle 61170 Le Mêle-sur-Sarthe;;0.353365;48.512960;2;FR*S61*E61258A11;18.000;T2-EF;Payant;24/24 7/7;;2020/07/10
Syndicat de l'Énergie de l'Orne (TE61);Syndicat de l'Énergie de l'Orne (TE61) | FR*S61;Te61;FR*S61*P61275A;Le Merlerault | Place de L Hôtel de ville ; Place de L Hôtel de ville 61240 Le Merlerault;;0.283216;48.699780;2;FR*S61*E61275A11;18.000;T2-EF;Payant;24/24 7/7;;2020/07/10
Syndicat de l'Énergie de l'Orne (TE61);Syndicat de l'Énergie de l'Orne (TE61) | FR*S61;Te61;FR*S61*P61275A;Le Merlerault | Place de L Hôtel de ville ; Place de L Hôtel de ville 61240 Le Merlerault;;0.283216;48.699780;2;FR*S61*E61275A12;18.000;T3-EF;Payant;24/24 7/7;;2020/07/10
Syndicat de l'Énergie de l'Orne (TE61);Syndicat de l'Énergie de l'Orne (TE61) | FR*S61;Te61;FR*S61*P61293A;Mortagne-au-Perche | Place de la République ; Place de la République 61400 Mortagne-au-Perche;;0.544556;48.520790;2;FR*S61*E61293A11;18.000;T2-EF;Payant;24/24 7/7;;2020/07/10
Syndicat de l'Énergie de l'Orne (TE61);Syndicat de l'Énergie de l'Orne (TE61) | FR*S61;Te61;FR*S61*P61293A;Mortagne-au-Perche | Place de la République ; Place de la République 61400 Mortagne-au-Perche;;0.544556;48.520790;2;FR*S61*E61293A12;18.000;T3-EF;Payant;24/24 7/7;;2020/07/10
Syndicat de l'Énergie de l'Orne (TE61);Syndicat de l'Énergie de l'Orne (TE61) | FR*S61;Te61;FR*S61*P61293B;Mortagne-au-Perche | Rue Ferdinand de Boyeres ; Rue Ferdinand de Boyeres 61400 Mortagne-au-Perche;;0.541002;48.521840;2;FR*S61*E61293B11;18.000;T2-EF;Payant;24/24 7/7;;2020/07/10
Syndicat de l'Énergie de l'Orne (TE61);Syndicat de l'Énergie de l'Orne (TE61) | FR*S61;Te61;FR*S61*P61293B;Mortagne-au-Perche | Rue Ferdinand de Boyeres ; Rue Ferdinand de Boyeres 61400 Mortagne-au-Perche;;0.541002;48.521840;2;FR*S61*E61293B12;18.000;T3-EF;Payant;24/24 7/7;;2020/07/10
Syndicat de l'Énergie de l'Orne (TE61);Syndicat de l'Énergie de l'Orne (TE61) | FR*S61;Te61;FR*S61*P61293C;Mortagne-au-Perche | Cour Blanche ; Cour Blanche 61400 Mortagne-au-Perche;;0.543994;48.519814;2;FR*S61*E61293C11;18.000;T2-EF;Payant;24/24 7/7;;2020/07/10
Syndicat de l'Énergie de l'Orne (TE61);Syndicat de l'Énergie de l'Orne (TE61) | FR*S61;Te61;FR*S61*P61293C;Mortagne-au-Perche | Cour Blanche ; Cour Blanche 61400 Mortagne-au-Perche;;0.543994;48.519814;2;FR*S61*E61293C12;18.000;T3-EF;Payant;24/24 7/7;;2020/07/10
Syndicat de l'Énergie de l'Orne (TE61);Syndicat de l'Énergie de l'Orne (TE61) | FR*S61;Te61;FR*S61*P61294A;Mortrée | Place de l'Église ; Place de l'Église 61570 Mortrée;;0.078126;48.640064;2;FR*S61*E61294A11;18.000;T2-EF;Payant;24/24 7/7;;2020/07/10
Syndicat de l'Énergie de l'Orne (TE61);Syndicat de l'Énergie de l'Orne (TE61) | FR*S61;Te61;FR*S61*P61294A;Mortrée | Place de l'Église ; Place de l'Église 61570 Mortrée;;0.078126;48.640064;2;FR*S61*E61294A12;18.000;T3-EF;Payant;24/24 7/7;;2020/07/10
Syndicat de l'Énergie de l'Orne (TE61);Syndicat de l'Énergie de l'Orne (TE61) | FR*S61;Te61;FR*S61*P61297A;Moulins-la-Marche | Place Saint-Laurent ; Place Saint-Laurent 61380 Moulins-la-Marche;;0.478333;48.647670;2;FR*S61*E61297A11;18.000;T2-EF;Payant;24/24 7/7;;2020/07/10
Syndicat de l'Énergie de l'Orne (TE61);Syndicat de l'Énergie de l'Orne (TE61) | FR*S61;Te61;FR*S61*P61297A;Moulins-la-Marche | Place Saint-Laurent ; Place Saint-Laurent 61380 Moulins-la-Marche;;0.478333;48.647670;2;FR*S61*E61297A12;18.000;T3-EF;Payant;24/24 7/7;;2020/07/10
Syndicat de l'Énergie de l'Orne (TE61);Syndicat de l'Énergie de l'Orne (TE61) | FR*S61;Te61;FR*S61*P61303A;Nécy | Route de Vignats ; Route de Vignats 61160 Nécy;;-0.114195;48.832935;2;FR*S61*E61303A12;18.000;T3-EF;Payant;24/24 7/7;;2020/07/10
Syndicat de l'Énergie de l'Orne (TE61);Syndicat de l'Énergie de l'Orne (TE61) | FR*S61;Te61;FR*S61*P61303A;Nécy | Route de Vignats ; Route de Vignats 61160 Nécy;;-0.114195;48.832935;2;FR*S61*E61303A11;18.000;T2-EF;Payant;24/24 7/7;;2020/07/10
Syndicat de l'Énergie de l'Orne (TE61);Syndicat de l'Énergie de l'Orne (TE61) | FR*S61;Te61;FR*S61*P61305A;Longny les Villages | Neuilly ; Neuilly 61290 Longny les Villages;;0.903617;48.542010;2;FR*S61*E61305A11;18.000;T2-EF;Payant;24/24 7/7;;2020/07/10
Syndicat de l'Énergie de l'Orne (TE61);Syndicat de l'Énergie de l'Orne (TE61) | FR*S61;Te61;FR*S61*P61305A;Longny les Villages | Neuilly ; Neuilly 61290 Longny les Villages;;0.903617;48.542010;2;FR*S61*E61305A12;18.000;T3-EF;Payant;24/24 7/7;;2020/07/10
Syndicat de l'Énergie de l'Orne (TE61);Syndicat de l'Énergie de l'Orne (TE61) | FR*S61;Te61;FR*S61*P61309A;Perche en Nocé | La Renardière ; La Renardière 61340 Perche en Nocé;;0.681758;48.378555;2;FR*S61*E61309A12;18.000;T3-EF;Payant;24/24 7/7;;2020/07/10
Syndicat de l'Énergie de l'Orne (TE61);Syndicat de l'Énergie de l'Orne (TE61) | FR*S61;Te61;FR*S61*P61309A;Perche en Nocé | La Renardière ; La Renardière 61340 Perche en Nocé;;0.681758;48.378555;2;FR*S61*E61309A11;18.000;T2-EF;Payant;24/24 7/7;;2020/07/10
Syndicat de l'Énergie de l'Orne (TE61);Syndicat de l'Énergie de l'Orne (TE61) | FR*S61;Te61;FR*S61*P61324A;Passais Villages | Place des Justes ; Place des Justes 61350 Passais Villages;;-0.757240;48.518100;2;FR*S61*E61324A11;18.000;T2-EF;Payant;24/24 7/7;;2020/07/10
Syndicat de l'Énergie de l'Orne (TE61);Syndicat de l'Énergie de l'Orne (TE61) | FR*S61;Te61;FR*S61*P61324A;Passais Villages | Place des Justes ; Place des Justes 61350 Passais Villages;;-0.757240;48.518100;2;FR*S61*E61324A12;18.000;T3-EF;Payant;24/24 7/7;;2020/07/10
Syndicat de l'Énergie de l'Orne (TE61);Syndicat de l'Énergie de l'Orne (TE61) | FR*S61;Te61;FR*S61*P61325A;Belforêt-en-Perche | Rue de la Juiverie ; Rue de la Juiverie 61360 Belforêt-en-Perche;;0.445687;48.391056;2;FR*S61*E61325A11;18.000;T2-EF;Payant;24/24 7/7;;2020/07/10
Syndicat de l'Énergie de l'Orne (TE61);Syndicat de l'Énergie de l'Orne (TE61) | FR*S61;Te61;FR*S61*P61325A;Belforêt-en-Perche | Rue de la Juiverie ; Rue de la Juiverie 61360 Belforêt-en-Perche;;0.445687;48.391056;2;FR*S61*E61325A12;18.000;T3-EF;Payant;24/24 7/7;;2020/07/10
Syndicat de l'Énergie de l'Orne (TE61);Syndicat de l'Énergie de l'Orne (TE61) | FR*S61;Te61;FR*S61*P61327A;Pervenchères | Le Bourg ; Le Bourg 61360 Pervenchères;;0.424508;48.438510;2;FR*S61*E61327A12;18.000;T3-EF;Payant;24/24 7/7;;2020/07/10
Syndicat de l'Énergie de l'Orne (TE61);Syndicat de l'Énergie de l'Orne (TE61) | FR*S61;Te61;FR*S61*P61327A;Pervenchères | Le Bourg ; Le Bourg 61360 Pervenchères;;0.424508;48.438510;2;FR*S61*E61327A11;18.000;T3-EF;Payant;24/24 7/7;;2020/07/10
Syndicat de l'Énergie de l'Orne (TE61);Syndicat de l'Énergie de l'Orne (TE61) | FR*S61;Te61;FR*S61*P61328A;Le Pin-au-Haras | Le Haras du Pin ; Le Haras du Pin 61310 Le Pin-au-Haras;;0.146003;48.739780;2;FR*S61*E61328A11;18.000;T2-EF;Payant;24/24 7/7;;2020/07/10
Syndicat de l'Énergie de l'Orne (TE61);Syndicat de l'Énergie de l'Orne (TE61) | FR*S61;Te61;FR*S61*P61328A;Le Pin-au-Haras | Le Haras du Pin ; Le Haras du Pin 61310 Le Pin-au-Haras;;0.146003;48.739780;2;FR*S61*E61328A12;18.000;T3-EF;Payant;24/24 7/7;;2020/07/10
Syndicat de l'Énergie de l'Orne (TE61);Syndicat de l'Énergie de l'Orne (TE61) | FR*S61;Te61;FR*S61*P61339A;Putanges-le-Lac | Place de l'Hotel de Ville ; Place de l'Hotel de Ville 61210 Putanges-le-Lac;;-0.244639;48.763992;2;FR*S61*E61339A11;18.000;T2-EF;Payant;24/24 7/7;;2020/07/10
Syndicat de l'Énergie de l'Orne (TE61);Syndicat de l'Énergie de l'Orne (TE61) | FR*S61;Te61;FR*S61*P61339A;Putanges-le-Lac | Place de l'Hotel de Ville ; Place de l'Hotel de Ville 61210 Putanges-le-Lac;;-0.244639;48.763992;2;FR*S61*E61339A12;18.000;T3-EF;Payant;24/24 7/7;;2020/07/10
Syndicat de l'Énergie de l'Orne (TE61);Syndicat de l'Énergie de l'Orne (TE61) | FR*S61;Te61;FR*S61*P61342A;Rai | Rue Pierre Quentin ; Rue Pierre Quentin 61270 Rai;;0.584505;48.753590;2;FR*S61*E61342A11;18.000;T2-EF;Payant;24/24 7/7;;2020/07/10
Syndicat de l'Énergie de l'Orne (TE61);Syndicat de l'Énergie de l'Orne (TE61) | FR*S61;Te61;FR*S61*P61342A;Rai | Rue Pierre Quentin ; Rue Pierre Quentin 61270 Rai;;0.584505;48.753590;2;FR*S61*E61342A12;18.000;T3-EF;Payant;24/24 7/7;;2020/07/10
Syndicat de l'Énergie de l'Orne (TE61);Syndicat de l'Énergie de l'Orne (TE61) | FR*S61;Te61;FR*S61*P61344A;Rânes | Rue du Parc ; Rue du Parc 61150 Rânes;;-0.212556;48.639767;2;FR*S61*E61344A12;18.000;T3-EF;Payant;24/24 7/7;;2020/07/10
Syndicat de l'Énergie de l'Orne (TE61);Syndicat de l'Énergie de l'Orne (TE61) | FR*S61;Te61;FR*S61*P61344A;Rânes | Rue du Parc ; Rue du Parc 61150 Rânes;;-0.212556;48.639767;2;FR*S61*E61344A11;18.000;T2-EF;Payant;24/24 7/7;;2020/07/10
Syndicat de l'Énergie de l'Orne (TE61);Syndicat de l'Énergie de l'Orne (TE61) | FR*S61;Te61;FR*S61*P61345A;Rémalard en Perche | Place du Champ de Foire ; Place du Champ de Foire 61110 Rémalard en Perche;;0.774286;48.430058;2;FR*S61*E61345A12;18.000;T3-EF;Payant;24/24 7/7;;2020/07/10
Syndicat de l'Énergie de l'Orne (TE61);Syndicat de l'Énergie de l'Orne (TE61) | FR*S61;Te61;FR*S61*P61345A;Rémalard en Perche | Place du Champ de Foire ; Place du Champ de Foire 61110 Rémalard en Perche;;0.774286;48.430058;2;FR*S61*E61345A11;18.000;T2-EF;Payant;24/24 7/7;;2020/07/10
Syndicat de l'Énergie de l'Orne (TE61);Syndicat de l'Énergie de l'Orne (TE61) | FR*S61;Te61;FR*S61*P61372A;Saint-Céneri-le-Gérei | Le Bourg ; Le Bourg 61250 Saint-Céneri-le-Gérei;;-0.053907;48.379402;2;FR*S61*E61372A11;18.000;T2-EF;Payant;24/24 7/7;;2020/07/10
Syndicat de l'Énergie de l'Orne (TE61);Syndicat de l'Énergie de l'Orne (TE61) | FR*S61;Te61;FR*S61*P61372A;Saint-Céneri-le-Gérei | Le Bourg ; Le Bourg 61250 Saint-Céneri-le-Gérei;;-0.053907;48.379402;2;FR*S61*E61372A12;18.000;T3-EF;Payant;24/24 7/7;;2020/07/10
Syndicat de l'Énergie de l'Orne (TE61);Syndicat de l'Énergie de l'Orne (TE61) | FR*S61;Te61;FR*S61*P61382A;Saint-Denis-sur-Sarthon | Résidence du Parc ; Résidence du Parc 61420 Saint-Denis-sur-Sarthon;;-0.050594;48.456802;2;FR*S61*E61382A11;18.000;T2-EF;Payant;24/24 7/7;;2020/07/10
Syndicat de l'Énergie de l'Orne (TE61);Syndicat de l'Énergie de l'Orne (TE61) | FR*S61;Te61;FR*S61*P61382A;Saint-Denis-sur-Sarthon | Résidence du Parc ; Résidence du Parc 61420 Saint-Denis-sur-Sarthon;;-0.050594;48.456802;2;FR*S61*E61382A12;18.000;T3-EF;Payant;24/24 7/7;;2020/07/10
Syndicat de l'Énergie de l'Orne (TE61);Syndicat de l'Énergie de l'Orne (TE61) | FR*S61;Te61;FR*S61*P61386A;Saint-Evroult-Notre-Dame-du-Bois | Rue Principale ; Rue Principale 61550 Saint-Evroult-Notre-Dame-du-Bois;;0.465261;48.791560;2;FR*S61*E61386A11;18.000;T2-EF;Payant;24/24 7/7;;2020/07/10
Syndicat de l'Énergie de l'Orne (TE61);Syndicat de l'Énergie de l'Orne (TE61) | FR*S61;Te61;FR*S61*P61386A;Saint-Evroult-Notre-Dame-du-Bois | Rue Principale ; Rue Principale 61550 Saint-Evroult-Notre-Dame-du-Bois;;0.465261;48.791560;2;FR*S61*E61386A12;18.000;T3-EF;Payant;24/24 7/7;;2020/07/10
Syndicat de l'Énergie de l'Orne (TE61);Syndicat de l'Énergie de l'Orne (TE61) | FR*S61;Te61;FR*S61*P61394A;Saint-Germain-de-la-Coudre | Place Pierre Veau 14;14 Place Pierre Veau 61130 Saint-Germain-de-la-Coudre;;0.605269;48.280617;2;FR*S61*E61394A12;22.000;T3-EF;Payant;24/24 7/7;;2020/07/10
Syndicat de l'Énergie de l'Orne (TE61);Syndicat de l'Énergie de l'Orne (TE61) | FR*S61;Te61;FR*S61*P61394A;Saint-Germain-de-la-Coudre | Place Pierre Veau 14;14 Place Pierre Veau 61130 Saint-Germain-de-la-Coudre;;0.605269;48.280617;2;FR*S61*E61394A11;22.000;T2-EF;Payant;24/24 7/7;;2020/07/10
Syndicat de l'Énergie de l'Orne (TE61);Syndicat de l'Énergie de l'Orne (TE61) | FR*S61;Te61;FR*S61*P61397A;Saint-Germain-du-Corbéis | Rue du Général Leclerc ; Rue du Général Leclerc 61000 Saint-Germain-du-Corbéis;;0.065382;48.422783;2;FR*S61*E61397A11;18.000;T2-EF;Payant;24/24 7/7;;2020/07/10
Syndicat de l'Énergie de l'Orne (TE61);Syndicat de l'Énergie de l'Orne (TE61) | FR*S61;Te61;FR*S61*P61397A;Saint-Germain-du-Corbéis | Rue du Général Leclerc ; Rue du Général Leclerc 61000 Saint-Germain-du-Corbéis;;0.065382;48.422783;2;FR*S61*E61397A12;18.000;T3-EF;Payant;24/24 7/7;;2020/07/10
Syndicat de l'Énergie de l'Orne (TE61);Syndicat de l'Énergie de l'Orne (TE61) | FR*S61;Te61;FR*S61*P61397B;Saint-Germain-du-Corbéis | Route de Fresnay 26;26 Route de Fresnay 61000 Saint-Germain-du-Corbéis;;0.077336;48.419330;2;FR*S61*E61397B*2;22.000;T3-EF;Payant;24/24 7/7;;2020/07/10
Syndicat de l'Énergie de l'Orne (TE61);Syndicat de l'Énergie de l'Orne (TE61) | FR*S61;Te61;FR*S61*P61397B;Saint-Germain-du-Corbéis | Route de Fresnay 26;26 Route de Fresnay 61000 Saint-Germain-du-Corbéis;;0.077336;48.419330;2;FR*S61*E61397B*1;22.000;T2-EF;Payant;24/24 7/7;;2020/07/10
Syndicat de l'Énergie de l'Orne (TE61);Syndicat de l'Énergie de l'Orne (TE61) | FR*S61;Te61;FR*S61*P61407A;Saint-Fraimbault | Place de l'Église ; Place de l'Église 61350 Saint-Fraimbault;;-0.698573;48.486850;2;FR*S61*E61407A11;18.000;T2-EF;Payant;24/24 7/7;;2020/07/10
Syndicat de l'Énergie de l'Orne (TE61);Syndicat de l'Énergie de l'Orne (TE61) | FR*S61;Te61;FR*S61*P61407A;Saint-Fraimbault | Place de l'Église ; Place de l'Église 61350 Saint-Fraimbault;;-0.698573;48.486850;2;FR*S61*E61407A12;18.000;T3-EF;Payant;24/24 7/7;;2020/07/10
Syndicat de l'Énergie de l'Orne (TE61);Syndicat de l'Énergie de l'Orne (TE61) | FR*S61;Te61;FR*S61*P61429A;Charencey | Rue de Paris ; Rue de Paris 61190 Charencey;;0.757637;48.648975;2;FR*S61*E61429A11;18.000;T2-EF;Payant;24/24 7/7;;2020/07/10
Syndicat de l'Énergie de l'Orne (TE61);Syndicat de l'Énergie de l'Orne (TE61) | FR*S61;Te61;FR*S61*P61429A;Charencey | Rue de Paris ; Rue de Paris 61190 Charencey;;0.757637;48.648975;2;FR*S61*E61429A12;18.000;T3-EF;Payant;24/24 7/7;;2020/07/10
Syndicat de l'Énergie de l'Orne (TE61);Syndicat de l'Énergie de l'Orne (TE61) | FR*S61;Te61;FR*S61*P61442A;Les Aspres | Rue du 1er Octobre 1959 ; Rue du 1er Octobre 1959 61270 Les Aspres;;0.601499;48.689285;2;FR*S61*E61442A12;18.000;T3-EF;Payant;24/24 7/7;;2020/07/10
Syndicat de l'Énergie de l'Orne (TE61);Syndicat de l'Énergie de l'Orne (TE61) | FR*S61;Te61;FR*S61*P61442A;Les Aspres | Rue du 1er Octobre 1959 ; Rue du 1er Octobre 1959 61270 Les Aspres;;0.601499;48.689285;2;FR*S61*E61442A11;18.000;T2-EF;Payant;24/24 7/7;;2020/07/10
Syndicat de l'Énergie de l'Orne (TE61);Syndicat de l'Énergie de l'Orne (TE61) | FR*S61;Te61;FR*S61*P61451A;Sainte-Gauburge-Sainte-Colombe | Rue de l'Ancienne Église ; Rue de l'Ancienne Église 61370 Sainte-Gauburge-Sainte-Colombe;;0.431211;48.714596;2;FR*S61*E61451A11;18.000;T2-EF;Payant;24/24 7/7;;2020/07/10
Syndicat de l'Énergie de l'Orne (TE61);Syndicat de l'Énergie de l'Orne (TE61) | FR*S61;Te61;FR*S61*P61451A;Sainte-Gauburge-Sainte-Colombe | Rue de l'Ancienne Église ; Rue de l'Ancienne Église 61370 Sainte-Gauburge-Sainte-Colombe;;0.431211;48.714596;2;FR*S61*E61451A12;18.000;T3-EF;Payant;24/24 7/7;;2020/07/10
Syndicat de l'Énergie de l'Orne (TE61);Syndicat de l'Énergie de l'Orne (TE61) | FR*S61;Te61;FR*S61*P61456A;Saint-Sulpice-sur-Risle | Rue d'Anglure ; Rue d'Anglure 61300 Saint-Sulpice-sur-Risle;;0.639960;48.761320;2;FR*S61*E61456A12;18.000;T3-EF;Payant;24/24 7/7;;2020/07/10
Syndicat de l'Énergie de l'Orne (TE61);Syndicat de l'Énergie de l'Orne (TE61) | FR*S61;Te61;FR*S61*P61456A;Saint-Sulpice-sur-Risle | Rue d'Anglure ; Rue d'Anglure 61300 Saint-Sulpice-sur-Risle;;0.639960;48.761320;2;FR*S61*E61456A11;18.000;T2-EF;Payant;24/24 7/7;;2020/07/10
Syndicat de l'Énergie de l'Orne (TE61);Syndicat de l'Énergie de l'Orne (TE61) | FR*S61;Te61;FR*S61*P61457A;Saint-Symphorien-des-Bruyères | Rue de St Evroult 3;3 Rue de St Evroult 61300 Saint-Symphorien-des-Bruyères;;0.583469;48.788227;2;FR*S61*E61457A11;22.000;T2-EF;Payant;24/24 7/7;;2020/07/10
Syndicat de l'Énergie de l'Orne (TE61);Syndicat de l'Énergie de l'Orne (TE61) | FR*S61;Te61;FR*S61*P61457A;Saint-Symphorien-des-Bruyères | Rue de St Evroult 3;3 Rue de St Evroult 61300 Saint-Symphorien-des-Bruyères;;0.583469;48.788227;2;FR*S61*E61457A12;22.000;T3-EF;Payant;24/24 7/7;;2020/07/10
Syndicat de l'Énergie de l'Orne (TE61);Syndicat de l'Énergie de l'Orne (TE61) | FR*S61;Te61;FR*S61*P61460A;Sap-en-Auge | Place du Marché ; Place du Marché 61470 Sap-en-Auge;;0.338450;48.893974;2;FR*S61*E61460A11;18.000;T2-EF;Payant;24/24 7/7;;2020/07/10
Syndicat de l'Énergie de l'Orne (TE61);Syndicat de l'Énergie de l'Orne (TE61) | FR*S61;Te61;FR*S61*P61460A;Sap-en-Auge | Place du Marché ; Place du Marché 61470 Sap-en-Auge;;0.338450;48.893974;2;FR*S61*E61460A12;18.000;T3-EF;Payant;24/24 7/7;;2020/07/10
Syndicat de l'Énergie de l'Orne (TE61);Syndicat de l'Énergie de l'Orne (TE61) | FR*S61;Te61;FR*S61*P61463A;Les Monts d'Andaine | Lotissement les Fontainettes ; Lotissement les Fontainettes 61600 Les Monts d'Andaine;;-0.416713;48.621998;2;FR*S61*E61463A11;18.000;T2-EF;Payant;24/24 7/7;;2020/07/10
Syndicat de l'Énergie de l'Orne (TE61);Syndicat de l'Énergie de l'Orne (TE61) | FR*S61;Te61;FR*S61*P61463A;Les Monts d'Andaine | Lotissement les Fontainettes ; Lotissement les Fontainettes 61600 Les Monts d'Andaine;;-0.416713;48.621998;2;FR*S61*E61463A12;18.000;T3-EF;Payant;24/24 7/7;;2020/07/10
Syndicat de l'Énergie de l'Orne (TE61);Syndicat de l'Énergie de l'Orne (TE61) | FR*S61;Te61;FR*S61*P61464A;Sées | Place de la 2ème DB ; Place de la 2ème DB 61500 Sées;;0.171280;48.607536;2;FR*S61*E61464A12;18.000;T3-EF;Payant;24/24 7/7;;2020/07/10
Syndicat de l'Énergie de l'Orne (TE61);Syndicat de l'Énergie de l'Orne (TE61) | FR*S61;Te61;FR*S61*P61464A;Sées | Place de la 2ème DB ; Place de la 2ème DB 61500 Sées;;0.171280;48.607536;2;FR*S61*E61464A11;18.000;T2-EF;Payant;24/24 7/7;;2020/07/10
Syndicat de l'Énergie de l'Orne (TE61);Syndicat de l'Énergie de l'Orne (TE61) | FR*S61;Te61;FR*S61*P61464B;Sées | Rue Edouard Paysant ; Rue Edouard Paysant 61500 Sées;;0.167383;48.600160;4;FR*S61*E61464B15;2.300;EF;Payant;24/24 7/7;;2020/07/10
Syndicat de l'Énergie de l'Orne (TE61);Syndicat de l'Énergie de l'Orne (TE61) | FR*S61;Te61;FR*S61*P61464B;Sées | Rue Edouard Paysant ; Rue Edouard Paysant 61500 Sées;;0.167383;48.600160;4;FR*S61*E61464B11;22.000;T2 câble attaché;Payant;24/24 7/7;;2020/07/10
Syndicat de l'Énergie de l'Orne (TE61);Syndicat de l'Énergie de l'Orne (TE61) | FR*S61;Te61;FR*S61*P61464B;Sées | Rue Edouard Paysant ; Rue Edouard Paysant 61500 Sées;;0.167383;48.600160;4;FR*S61*E61464B14;60.000;23;Payant;24/24 7/7;;2020/07/10
Syndicat de l'Énergie de l'Orne (TE61);Syndicat de l'Énergie de l'Orne (TE61) | FR*S61;Te61;FR*S61*P61464B;Sées | Rue Edouard Paysant ; Rue Edouard Paysant 61500 Sées;;0.167383;48.600160;4;FR*S61*E61464B13;60.000;22;Payant;24/24 7/7;;2020/07/10
Syndicat de l'Énergie de l'Orne (TE61);Syndicat de l'Énergie de l'Orne (TE61) | FR*S61;Te61;FR*S61*P61475A;Soligny-la-Trappe | D251 ; D251 61380 Soligny-la-Trappe;;0.573477;48.635742;2;FR*S61*E61475A12;18.000;T3-EF;Payant;24/24 7/7;;2020/07/10
Syndicat de l'Énergie de l'Orne (TE61);Syndicat de l'Énergie de l'Orne (TE61) | FR*S61;Te61;FR*S61*P61475A;Soligny-la-Trappe | D251 ; D251 61380 Soligny-la-Trappe;;0.573477;48.635742;2;FR*S61*E61475A11;18.000;T2-EF;Payant;24/24 7/7;;2020/07/10
Syndicat de l'Énergie de l'Orne (TE61);Syndicat de l'Énergie de l'Orne (TE61) | FR*S61;Te61;FR*S61*P61483A;Bagnoles de l'Orne Normandie | Avenue du Maréchal de Tesse ; Avenue du Maréchal de Tesse 61140 Bagnoles de l'Orne Normandie;;-0.424187;48.550327;2;FR*S61*E61483A12;18.000;T3-EF;Payant;24/24 7/7;;2020/07/10
Syndicat de l'Énergie de l'Orne (TE61);Syndicat de l'Énergie de l'Orne (TE61) | FR*S61;Te61;FR*S61*P61483A;Bagnoles de l'Orne Normandie | Avenue du Maréchal de Tesse ; Avenue du Maréchal de Tesse 61140 Bagnoles de l'Orne Normandie;;-0.424187;48.550327;2;FR*S61*E61483A11;18.000;T2-EF;Payant;24/24 7/7;;2020/07/10
Syndicat de l'Énergie de l'Orne (TE61);Syndicat de l'Énergie de l'Orne (TE61) | FR*S61;Te61;FR*S61*P61483B;Bagnoles de l'Orne Normandie | Avenue de La Ferté-Macé ; Avenue de La Ferté-Macé 61140 Bagnoles de l'Orne Normandie;;-0.410690;48.556680;2;FR*S61*E61483B11;18.000;T2-EF;Payant;24/24 7/7;;2020/07/10
Syndicat de l'Énergie de l'Orne (TE61);Syndicat de l'Énergie de l'Orne (TE61) | FR*S61;Te61;FR*S61*P61483B;Bagnoles de l'Orne Normandie | Avenue de La Ferté-Macé ; Avenue de La Ferté-Macé 61140 Bagnoles de l'Orne Normandie;;-0.410690;48.556680;2;FR*S61*E61483B12;18.000;T3-EF;Payant;24/24 7/7;;2020/07/10
Syndicat de l'Énergie de l'Orne (TE61);Syndicat de l'Énergie de l'Orne (TE61) | FR*S61;Te61;FR*S61*P61484A;Val-au-Perche | Place de la Mairie ; Place de la Mairie 61260 Val-au-Perche;;0.690297;48.264812;2;FR*S61*E61484A12;18.000;T3-EF;Payant;24/24 7/7;;2020/07/10
Syndicat de l'Énergie de l'Orne (TE61);Syndicat de l'Énergie de l'Orne (TE61) | FR*S61;Te61;FR*S61*P61484A;Val-au-Perche | Place de la Mairie ; Place de la Mairie 61260 Val-au-Perche;;0.690297;48.264812;2;FR*S61*E61484A11;18.000;T2-EF;Payant;24/24 7/7;;2020/07/10
Syndicat de l'Énergie de l'Orne (TE61);Syndicat de l'Énergie de l'Orne (TE61) | FR*S61;Te61;FR*S61*P61491A;Tourouvre au Perche | Place Saint-Laurent en l'Île d'Orle ; Place Saint-Laurent en l'Île d'Orle 61190 Tourouvre au Perche;;0.652005;48.590885;2;FR*S61*E61491A12;18.000;T3-EF;Payant;24/24 7/7;;2020/07/10
Syndicat de l'Énergie de l'Orne (TE61);Syndicat de l'Énergie de l'Orne (TE61) | FR*S61;Te61;FR*S61*P61491A;Tourouvre au Perche | Place Saint-Laurent en l'Île d'Orle ; Place Saint-Laurent en l'Île d'Orle 61190 Tourouvre au Perche;;0.652005;48.590885;2;FR*S61*E61491A11;18.000;T2-EF;Payant;24/24 7/7;;2020/07/10
Syndicat de l'Énergie de l'Orne (TE61);Syndicat de l'Énergie de l'Orne (TE61) | FR*S61;Te61;FR*S61*P61491B;Tourouvre au Perche | Rue Charles de Gaulle ; Rue Charles de Gaulle 61190 Tourouvre au Perche;;0.646968;48.586845;4;FR*S61*E61491B12;60.000;22;Payant;24/24 7/7;;2020/07/10
Syndicat de l'Énergie de l'Orne (TE61);Syndicat de l'Énergie de l'Orne (TE61) | FR*S61;Te61;FR*S61*P61491B;Tourouvre au Perche | Rue Charles de Gaulle ; Rue Charles de Gaulle 61190 Tourouvre au Perche;;0.646968;48.586845;4;FR*S61*E61491B13;60.000;23;Payant;24/24 7/7;;2020/07/10
Syndicat de l'Énergie de l'Orne (TE61);Syndicat de l'Énergie de l'Orne (TE61) | FR*S61;Te61;FR*S61*P61491B;Tourouvre au Perche | Rue Charles de Gaulle ; Rue Charles de Gaulle 61190 Tourouvre au Perche;;0.646968;48.586845;4;FR*S61*E61491B14;2.300;EF;Payant;24/24 7/7;;2020/07/10
Syndicat de l'Énergie de l'Orne (TE61);Syndicat de l'Énergie de l'Orne (TE61) | FR*S61;Te61;FR*S61*P61491B;Tourouvre au Perche | Rue Charles de Gaulle ; Rue Charles de Gaulle 61190 Tourouvre au Perche;;0.646968;48.586845;4;FR*S61*E61491B11;22.000;T2 câble attaché;Payant;24/24 7/7;;2020/07/10
Syndicat de l'Énergie de l'Orne (TE61);Syndicat de l'Énergie de l'Orne (TE61) | FR*S61;Te61;FR*S61*P61494A;Trun | Place Charles de Gaulle ; Place Charles de Gaulle 61160 Trun;;0.033124;48.842910;2;FR*S61*E61494A11;18.000;T2-EF;Payant;24/24 7/7;;2020/07/10
Syndicat de l'Énergie de l'Orne (TE61);Syndicat de l'Énergie de l'Orne (TE61) | FR*S61;Te61;FR*S61*P61494A;Trun | Place Charles de Gaulle ; Place Charles de Gaulle 61160 Trun;;0.033124;48.842910;2;FR*S61*E61494A12;18.000;T3-EF;Payant;24/24 7/7;;2020/07/10
Syndicat de l'Énergie de l'Orne (TE61);Syndicat de l'Énergie de l'Orne (TE61) | FR*S61;Te61;FR*S61*P61497A;Valframbert | Rue de Gatel 8;8 Rue de Gatel 61250 Valframbert;;0.098126;48.449690;4;FR*S61*E61497A12;60.000;22;Payant;24/24 7/7;;2020/07/10
Syndicat de l'Énergie de l'Orne (TE61);Syndicat de l'Énergie de l'Orne (TE61) | FR*S61;Te61;FR*S61*P61497A;Valframbert | Rue de Gatel 8;8 Rue de Gatel 61250 Valframbert;;0.098126;48.449690;4;FR*S61*E61497A11;22.000;T2 câble attaché;Payant;24/24 7/7;;2020/07/10
Syndicat de l'Énergie de l'Orne (TE61);Syndicat de l'Énergie de l'Orne (TE61) | FR*S61;Te61;FR*S61*P61497A;Valframbert | Rue de Gatel 8;8 Rue de Gatel 61250 Valframbert;;0.098126;48.449690;4;FR*S61*E61497A14;2.300;EF;Payant;24/24 7/7;;2020/07/10
Syndicat de l'Énergie de l'Orne (TE61);Syndicat de l'Énergie de l'Orne (TE61) | FR*S61;Te61;FR*S61*P61497A;Valframbert | Rue de Gatel 8;8 Rue de Gatel 61250 Valframbert;;0.098126;48.449690;4;FR*S61*E61497A13;60.000;23;Payant;24/24 7/7;;2020/07/10
Syndicat de l'Énergie de l'Orne (TE61);Syndicat de l'Énergie de l'Orne (TE61) | FR*S61;Te61;FR*S61*P61508A;Vimoutiers | Rue des Combattants d'Afrique du Nord ; Rue des Combattants d'Afrique du Nord 61120 Vimoutiers;;0.199970;48.927586;2;FR*S61*E61508A12;18.000;T3-EF;Payant;24/24 7/7;;2020/07/10
Syndicat de l'Énergie de l'Orne (TE61);Syndicat de l'Énergie de l'Orne (TE61) | FR*S61;Te61;FR*S61*P61508A;Vimoutiers | Rue des Combattants d'Afrique du Nord ; Rue des Combattants d'Afrique du Nord 61120 Vimoutiers;;0.199970;48.927586;2;FR*S61*E61508A11;18.000;T2-EF;Payant;24/24 7/7;;2020/07/10
Syndicat de l'Énergie de l'Orne (TE61);Syndicat de l'Énergie de l'Orne (TE61) | FR*S61;Te61;FR*S61*P61508B;Vimoutiers | Rue Eugène Laniel ; Rue Eugène Laniel 61120 Vimoutiers;;0.196445;48.927917;2;FR*S61*E61508B12;18.000;T3-EF;Payant;24/24 7/7;;2020/07/10
Syndicat de l'Énergie de l'Orne (TE61);Syndicat de l'Énergie de l'Orne (TE61) | FR*S61;Te61;FR*S61*P61508B;Vimoutiers | Rue Eugène Laniel ; Rue Eugène Laniel 61120 Vimoutiers;;0.196445;48.927917;2;FR*S61*E61508B11;18.000;T2-EF;Payant;24/24 7/7;;2020/07/10
